pmid,pub_year,language,journal,title,publication_types,decision,reason_code,confidence,note,auto_or_manual
11202877,2000,eng,Endodontics & dental traumatology,The aetiology of dento-alveolar injuries and factors influencing attendance for emergency care of adolescents in the north west of England.,Journal Article,screened_included,I-pri,high,"Schoolchildren n=2022, sport-related causes ~30% of TDI; primary epidemiology data, age range consistent with 5–18.",manual
11499758,2001,eng,Dental traumatology : official publication of International Association for Dental Traumatology,"Dental trauma in children presenting for treatment at the Department of Dentistry for Children and Orthodontics, Budapest, 1985-1999.",Journal Article,screened_included,I-pri,high,Children 7–14 (88% of 590-child cohort); sports listed as etiology with frequency rank; primary data extractable for sport subset.,manual
11678537,2001,eng,Dental traumatology : official publication of International Association for Dental Traumatology,"A retrospective study of dento-alveolar injuries of children in Ankara, Turkey.",Journal Article,needs_human_review,R-data,medium,n=150 Ankara children TDI study; abstract does not isolate sport-related subset — confirm in full text whether sport-related counts are extractable.,manual
11678540,2001,eng,Dental traumatology : official publication of International Association for Dental Traumatology,"Prevalence, causes and correlates of traumatic dental injuries among 13-year-olds in Brazil.","Journal Article|Research Support, Non-U.S. Gov't",screened_included,I-pri,high,n=652 13-year-old adolescents Brazil; sport-related = 2.3% of TDI etiology; meets §3.1 age + sport + numerical data.,manual
11766091,2001,eng,Dental traumatology : official publication of International Association for Dental Traumatology,A retrospective study of traumatic dental injuries in a Brazilian dental trauma clinic.,Journal Article,needs_human_review,R-mixed,medium,n=250 patients ages 1–59 Brazil; sport = 3.6% of causes — full text needed to extract youth (5–22) subset.,manual
11782645,2002,eng,Medicine and science in sports and exercise,Effect of mouthguards on dental injuries and concussions in college basketball.,Comparative Study|Journal Article,screened_included,I-pri,high,"Prospective study of 50 NCAA Div I men's college basketball teams; reports dental injury rates/1000 AE with mouthguard effect — gold-standard fit (sport=basketball, age=collegiate, primary AE-denominator data).",manual
11880801,2002,eng,Medicine and science in sports and exercise,Dental injuries in ice hockey games and training.,Journal Article,needs_human_review,R-age,medium,"Finland ice hockey 1991–1992 insurance dataset (n=479 injured); abstract does not state age distribution — likely includes youth + adult, full text needed.",manual
12017183,2002,eng,Journal of endodontics,Causes of dental fractures in the early permanent dentition: a retrospective study.,Journal Article,needs_human_review,R-data,medium,Dicle University 1995–98 pediatric dental fractures; ages 9–11 peak. Sport-related subset not isolated in abstract — confirm in full text.,manual
12116516,2002,eng,General dentistry,Dentofacial trauma in sport accidents.,Journal Article|Review,screened_excluded,E-review,high,Narrative review — kept for reference mining; not extracted per §3.2.,auto
12139268,2002,eng,Australian dental journal,A survey of dental and oral trauma in south-east Queensland during 1998.,"Journal Article|Research Support, Non-U.S. Gov't",needs_human_review,R-mixed,medium,"SE Queensland 1998 dental trauma survey, ages 1–64; 16–20 group reported as sport-related — youth subset extractable but needs full text.",manual
12154770,2002,eng,Dental traumatology : official publication of International Association for Dental Traumatology,Dental trauma and level of information: mouthguard use in different contact sports.,Comparative Study|Journal Article,needs_human_review,R-age,medium,Professional and semi-professional contact-sport athletes — age range not stated; full text needed to confirm any youth (5–22) data.,manual
12602199,2003,ger,Schweizer Monatsschrift fur Zahnmedizin = Revue mensuelle suisse d'odonto-stomatologie = Rivista mensile svizzera di odontologia e stomatologia,[Frequency and nature of anterior tooth injuries and the use of mouth protectors in sports clubs in Bern].,Journal Article,screened_excluded,E-lang,high,Language='ger' — English-only per PROTOCOL §3.1 v1.0 scope.,auto
12656848,2003,eng,Dental traumatology : official publication of International Association for Dental Traumatology,"Traumatic dental injuries in children presenting for treatment at the Department of Pediatric Dentistry, Faculty of Dentistry, University of Jordan, 1997-2000.",Journal Article,needs_human_review,R-data,medium,"University of Jordan pediatric dentistry 1997–2000, ages 10–12 peak; sport-related etiology not isolated in abstract.",manual
14708646,2003,eng,Dental traumatology : official publication of International Association for Dental Traumatology,Dental and oral trauma and mouthguard use during sport activities in Israel.,Journal Article,screened_included,I-pri,high,"n=943 young adults ages 18–19 Israel; sport-specific dental injury counts (soccer, basketball) + mouthguard awareness — perfect §3.1 fit.",manual
15022997,2003,eng,Dental traumatology : official publication of International Association for Dental Traumatology,Etiological factors related to dental injuries in Norwegians aged 7-18 years.,Journal Article,screened_included,I-pri,high,"Norwegian children 7–18, n=1275 injured individuals; sport = 8% of dental injury etiology; primary data extractable.",manual
15085503,2004,eng,Journal of oral and maxillofacial surgery : official journal of the American Association of Oral and Maxillofacial Surgeons,"Craniomaxillofacial trauma in children: a review of 3,385 cases with 6,060 injuries in 10 years.",Journal Article|Review,screened_excluded,E-review,high,Narrative review — kept for reference mining; not extracted per §3.2.,auto
15206262,2004,eng,General dentistry,A literature review of sports-related orofacial trauma.,Journal Article|Review,screened_excluded,E-review,high,Narrative review — kept for reference mining; not extracted per §3.2.,auto
15362317,2004,eng,Journal of science and medicine in sport,Do community football players wear allocated protective equipment? Descriptive results from a randomised controlled trial.,"Clinical Trial|Journal Article|Randomized Controlled Trial|Research Support, Non-U.S. Gov't",needs_human_review,R-data,medium,"Australian Football Injury Prevention Project RCT; abstract reports MG compliance, not injury counts — full text may contain dental injury outcome data.",manual
15562160,2004,eng,British journal of sports medicine,Perception of Nigerian athletes of the use of mouth guards to prevent the stresses of sports injury.,Journal Article,screened_excluded,E-noprim,high,"Perception/attitude survey of Nigerian athletes; outcome is psychological/sociological stress, no primary dental injury count per athlete-exposure (§3.1 'numerical data extractable' fails).",manual
15592602,2004,eng,Journal of athletic training,Dental Injuries in Intermediate and High School Athletes: A 15-Year Study at Punahou School.,Journal Article,screened_included,I-pri,high,Punahou School longitudinal 1988–2003 intermediate+HS athletes; dental injury rates/1000 athlete-sessions by sport — directly extractable AE-denominator data.,manual
15643760,2003,eng,Oral health & preventive dentistry,Etiology of traumatic dental injuries in 11 to 13-year-old schoolchildren.,"Journal Article|Research Support, Non-U.S. Gov't",needs_human_review,R-data,medium,11–13 yr Brazilian schoolchildren; 'physical leisure activities' 28.9% but specific sport-related counts not isolated.,manual
15659273,2005,eng,Current sports medicine reports,Dental injuries in sports.,Journal Article|Review,screened_excluded,E-review,high,Narrative review — kept for reference mining; not extracted per §3.2.,auto
15660753,2005,eng,Dental traumatology : official publication of International Association for Dental Traumatology,Dental trauma and mouthguard usage among ice hockey players in Turkey premier league.,Journal Article,screened_included,I-pri,high,Turkish Premier Ice Hockey League youth AND adult players — youth subset is extractable per the abstract's explicit framing.,manual
15773884,2005,eng,Dental traumatology : official publication of International Association for Dental Traumatology,Traumatic injuries to the teeth in young individuals with cerebral palsy.,Journal Article,screened_excluded,E-offtop,high,Cerebral palsy children dental trauma study; explicitly notes 'CP individuals do not take part in violent sport activities' — non-sport-related dental trauma (§3.2).,manual
15853840,2005,eng,Community dentistry and oral epidemiology,"Dental trauma and its association with anatomic, behavioral, and social variables among fifth and sixth grade schoolchildren in Jerusalem.",Journal Article,needs_human_review,R-data,medium,5th–6th grade Jerusalem schoolchildren n=1195; sport mentioned among reasons but not isolated as primary data.,manual
15876321,2005,eng,Dental traumatology : official publication of International Association for Dental Traumatology,Oro-facial injuries in Central American and Caribbean sports games: a 20-year experience.,Journal Article,screened_included,I-pri,high,20-year experience of dental services at Central American & Caribbean Games; sport-related orofacial injuries reported across multiple sports.,manual
16060339,2005,eng,Journal of the California Dental Association,Are mouthguards necessary for basketball?,Journal Article|Review,screened_excluded,E-review,high,Narrative review — kept for reference mining; not extracted per §3.2.,auto
16162986,2005,eng,Clinical journal of sport medicine : official journal of the Canadian Academy of Sport Medicine,Comparison of mouth guard designs and concussion prevention in contact sports: a multicenter randomized controlled trial.,"Comparative Study|Journal Article|Multicenter Study|Randomized Controlled Trial|Research Support, Non-U.S. Gov't",screened_included,I-pri,high,"Multicenter cluster-RCT, varsity football and rugby teams, mouthguard vs mouthguard, concussion + dental trauma outcomes per playing season — high-quality primary data.",manual
16247261,2005,eng,Medicine and sport science,Basketball injuries.,Journal Article|Review,screened_excluded,E-review,high,Narrative review — kept for reference mining; not extracted per §3.2.,auto
16711635,2006,eng,Journal of public health dentistry,Prevalence and causes of oral injuries in a population of Canadian adults aged 18 to 50 years--a brief communication.,"Journal Article|Research Support, Non-U.S. Gov't",screened_excluded,E-age,high,Ontario adults aged 18–50; majority outside 5–22 range; sport-related subset for 18–22 may be too small/unclear from abstract.,manual
16809595,2006,eng,American journal of public health,Neighborhood social capital and dental injuries in Brazilian adolescents.,"Journal Article|Research Support, Non-U.S. Gov't",screened_included,I-pri,high,Brazilian adolescents 14–15 n=1302 multilevel study; dental injury as outcome — likely sport-related subset extractable from full text.,manual
16872385,2006,eng,Dental traumatology : official publication of International Association for Dental Traumatology,Aetiology and rates of treatment of traumatic dental injuries among 12-year-old school children in a town in southern Brazil.,Journal Article,needs_human_review,R-data,medium,12-yr Brazilian schoolchildren TDI; abstract focuses on overjet risk factor — full text needed for sport-related subset counts.,manual
17073918,2006,eng,Dental traumatology : official publication of International Association for Dental Traumatology,Dental and orofacial trauma in pony and horseback riding children.,Journal Article,screened_included,I-pri,high,"Pony/horseback riding children, n=214; sport-specific dental trauma prevalence reported.",manual
17194069,2006,eng,Community dental health,Prevalence and factors associated with traumatic dental injuries (TDI) to anterior teeth of 11-13 year old Thai children.,"Journal Article|Research Support, Non-U.S. Gov't",needs_human_review,R-data,medium,n=2725 Thai children 11–13; sport-related subset not isolated in abstract.,manual
17227375,2007,eng,Dental traumatology : official publication of International Association for Dental Traumatology,Effectiveness of mouthguards in reducing neurocognitive deficits following sports-related cerebral concussion.,Evaluation Study|Journal Article,needs_human_review,R-data,medium,"Mouthguard effect on neurocognitive deficits after concussion; primary outcome is concussion neurocog, dental injury data may be secondary in full text.",manual
17511835,2007,eng,Dental traumatology : official publication of International Association for Dental Traumatology,Dental injuries in inline skating - level of information and prevention.,Comparative Study|Journal Article,needs_human_review,R-age,medium,Inline skating Switzerland + Germany; age range not in abstract — could be predominantly adult.,manual
17635356,2007,eng,Dental traumatology : official publication of International Association for Dental Traumatology,Dentoalveolar trauma in Glasgow: an audit of mechanism and injury.,Journal Article,screened_included,I-pri,high,Glasgow pediatric dental trauma audit; abstract reports 79% of sporting-related injuries were in males — sport-specific data extractable.,manual
17670881,2007,eng,Journal of the American Dental Association (1939),The incidence and severity of dental trauma in intercollegiate athletes.,Journal Article,screened_included,I-pri,high,"USC intercollegiate athletes 1996–2005, n=51 dental injuries with sport-level detail; college = within 18–22 age range.",manual
17846669,2007,eng,The journal of contemporary dental practice,Risk factors for traumatic dental injuries in an adolescent male population in India.,Journal Article,needs_human_review,R-age,medium,"n=370 male enrollees National Cadet Corps India; age range not stated — NCC enrollees often 13–22, but needs verification.",manual
17933358,2007,fre,Odonto-stomatologie tropicale = Tropical dental journal,"[Dento-alveolar trauma in odonto-stomatologic consultation in a health center in Yaoundé, Cameroon].",English Abstract|Journal Article,screened_excluded,E-lang,high,Language='fre' — English-only per PROTOCOL §3.1 v1.0 scope.,auto
17991235,2007,eng,Dental traumatology : official publication of International Association for Dental Traumatology,"Dental and oral trauma during childhood and adolescence in Israel: occurrence, causes, and outcomes.",Journal Article,screened_included,I-pri,high,n=427 young adults ages 18–21 Israel; sport-specific dental injury counts + mouthguard data.,manual
18173668,2008,eng,Dental traumatology : official publication of International Association for Dental Traumatology,Dental trauma that require fixation in a children's hospital.,Journal Article,needs_human_review,R-data,medium,Children's Hospital Buffalo pediatric dental trauma requiring fixation; sport-related subset not isolated in abstract.,manual
18352919,2008,eng,Dental traumatology : official publication of International Association for Dental Traumatology,"Dental and maxillofacial skeletal injuries seen at the University of Otago School of Dentistry, New Zealand 2000-2004.",Journal Article,needs_human_review,R-mixed,medium,"Otago NZ 2000–2004 dental school, ages 2–86 peak 16–25; youth (5–22) subset overlaps but full text needed to extract.",manual
18410389,2008,eng,Dental traumatology : official publication of International Association for Dental Traumatology,Etiology and environment of dental injuries in 12- to 14-year-old Ontario schoolchildren.,Journal Article,screened_included,I-pri,high,Population-based case-comparison study of n=2422 Ontario schoolchildren ages 12 and 14; primary etiology data.,manual
18623976,2008,fre,Odonto-stomatologie tropicale = Tropical dental journal,[Prevalence of oro-dental injuries in wrestling in Senegal].,Journal Article,screened_excluded,E-lang,high,Language='fre' — English-only per PROTOCOL §3.1 v1.0 scope.,auto
18689347,2008,eng,SADJ : journal of the South African Dental Association = tydskrif van die Suid-Afrikaanse Tandheelkundige Vereniging,"Causes and prevalence of traumatic injuries to the permanent incisors of school children aged 10-14 years in Maseru, Lesotho.",Journal Article,screened_included,I-pri,high,Schoolchildren 10–14 Maseru Lesotho; permanent incisor TDI prevalence and etiology.,manual
18721342,2008,eng,Dental traumatology : official publication of International Association for Dental Traumatology,Basketball players' experience of dental injury and awareness about mouthguard in China.,Journal Article,needs_human_review,R-age,medium,"China basketball players n=236, 77 professional; age range not stated.",manual
18721348,2008,eng,Dental traumatology : official publication of International Association for Dental Traumatology,Dental trauma among 5th and 6th grade Arab schoolchildren in Eastern Jerusalem.,Journal Article,screened_included,I-pri,high,5th–6th grade Arab schoolchildren Jerusalem n=453; TDI prevalence + etiology.,manual
18821955,2008,eng,Dental traumatology : official publication of International Association for Dental Traumatology,"Dental injuries in mountain biking--a survey in Switzerland, Austria, Germany and Italy.",Journal Article,needs_human_review,R-age,medium,Mountain biking Switzerland/Austria/Germany/Italy n=423 males; age range not in abstract.,manual
18821957,2008,eng,Dental traumatology : official publication of International Association for Dental Traumatology,"The relationship between sports activities and permanent incisor crown fractures in a group of school children aged 7-9 and 11-13 in Ankara, Turkey.",Journal Article,screened_included,I-pri,high,n=2570 Ankara schoolchildren ages 7–9 and 11–13; specifically studies the role of sport in crown fractures.,manual
19021650,2008,eng,Dental traumatology : official publication of International Association for Dental Traumatology,Retrospective clinical study of 90 avulsed permanent teeth in 58 children.,Journal Article,needs_human_review,R-data,medium,"Czech 90 avulsed permanent teeth in 58 children — youth fits, but sport-related subset not isolated in abstract.",manual
19021660,2008,eng,Dental traumatology : official publication of International Association for Dental Traumatology,Dental trauma in an Australian rural centre.,Journal Article,needs_human_review,R-age,medium,Australian rural dental trauma — age range not stated in abstract excerpt.,manual
19030141,2008,eng,Journal of athletic training,Epidemiology of rare injuries and conditions among United States high school athletes during the 2005-2006 and 2006-2007 school years.,"Journal Article|Research Support, Non-U.S. Gov't|Research Support, U.S. Gov't, P.H.S.",screened_included,I-pri,high,RIO surveillance HS athletes 2005/06 and 2006/07; dental injuries are one of the RIC categories reported.,manual
19055884,2008,eng,Journal of dental hygiene : JDH,Mouthguards in the American Hockey League [AHL].,Journal Article,screened_excluded,E-age,high,American Hockey League (AHL) — professional adult ice hockey players; outside 5–22 age range (§3.1).,manual
19149336,2008,eng,Military medicine,Orofacial injuries and mouth guard use in elite commando fighters.,Journal Article,screened_excluded,E-offtop,high,"Israel Defense Forces elite commando fighters — military setting, not sport-related (§3.1); participants adult.",manual
19208007,2009,eng,Dental traumatology : official publication of International Association for Dental Traumatology,Aetiology and risk factors related to traumatic dental injuries--a review of the literature.,Journal Article|Review,screened_excluded,E-review,high,Narrative review — kept for reference mining; not extracted per §3.2.,auto
19208012,2009,eng,Dental traumatology : official publication of International Association for Dental Traumatology,Activities related to the occurrence of traumatic dental injuries in 15- to 18-year-olds.,Journal Article,screened_included,I-pri,high,Random sample of n=6312 Taiwanese 15–18 yr senior HS students; TDI prevalence + activity-related etiology.,manual
19290905,2009,eng,Dental traumatology : official publication of International Association for Dental Traumatology,Traumatic dental injuries of permanent incisors in 11- to 13-year-old South African schoolchildren.,"Journal Article|Research Support, Non-U.S. Gov't",screened_included,I-pri,high,Random cluster sample of n=2610 South African 11–13 schoolchildren; TDI prevalence.,manual
19402309,2009,hun,Fogorvosi szemle,[Changing approaches to traumatic injuries to primary and permanent teeth based on the reports published in 'Fogorvosi Szemle' in the past 100 years].,English Abstract|Historical Article|Journal Article,screened_excluded,E-lang,high,Language='hun' — English-only per PROTOCOL §3.1 v1.0 scope.,auto
19566982,2009,eng,Primary dental care : journal of the Faculty of General Dental Practitioners (UK),A pilot study of the prevalence of orofacial and head injuries in schoolboy cricketers at eight private schools in England and Australia.,Comparative Study|Journal Article,screened_included,I-pri,high,n=411 schoolboy cricketers at 8 private schools England + Australia; head/face/dental prevalence by country — strong sport+age fit.,manual
19614738,2009,eng,Dental traumatology : official publication of International Association for Dental Traumatology,"Consumer products and activities associated with dental injuries to children treated in United States emergency departments, 1990-2003.",Journal Article,screened_included,I-pri,high,NEISS analysis 1990–2003 of dental injuries to children 0–17; consumer products + activities including sport — primary surveillance dataset.,manual
19615582,2009,eng,Journal of oral and maxillofacial surgery : official journal of the American Association of Oral and Maxillofacial Surgeons,Dental injuries in association with facial fractures.,Comparative Study|Journal Article,needs_human_review,R-mixed,medium,"n=273 facial fracture patients Switzerland — age range not stated, could include adults.",manual
20089070,2010,eng,Dental traumatology : official publication of International Association for Dental Traumatology,"Prevalence of traumatic injuries to maxillary permanent teeth in 9- to 14-year-old school children in Yazd, Iran.",Journal Article,needs_human_review,R-data,medium,Yazd Iran 9–14 yr schoolchildren TDI; sport-related subset not isolated in abstract.,manual
20486946,2010,eng,Dental traumatology : official publication of International Association for Dental Traumatology,Orofacial and dental injuries of snowboarders in Turkey.,Journal Article,screened_included,I-pri,high,Snowboarders Turkey n=86; framed as 'adolescent and young adult' — within 5–22 envelope.,manual
20572841,2010,eng,Dental traumatology : official publication of International Association for Dental Traumatology,Prevalence of dental trauma in Pan American games athletes.,Journal Article,needs_human_review,R-age,medium,"Pan American Games athletes 2007 — adult/elite athletes, likely mostly outside 5–22.",manual
20666978,2010,eng,Journal of public health dentistry,Prevalence and associated factors of traumatic dental injuries in Brazilian schoolchildren.,"Journal Article|Research Support, Non-U.S. Gov't",needs_human_review,R-data,medium,n=1612 11–14 yr Brazilian schoolchildren TDI; sport-related subset not isolated.,manual
20669600,2010,eng,Irish medical journal,Maxillofacial and dental injuries sustained in hurling.,Journal Article,needs_human_review,R-age,medium,Hurling injuries Mid-Western Regional Hospital Limerick n=70; age range not stated.,manual
20711109,2011,eng,"Medicina oral, patologia oral y cirugia bucal",Study of the effect of oral health on physical condition of professional soccer players of the Football Club Barcelona.,"Journal Article|Research Support, Non-U.S. Gov't",screened_excluded,E-age,high,"FC Barcelona professional soccer players — adult professionals, outside 5–22 (§3.1).",manual
20946344,2010,eng,Dental traumatology : official publication of International Association for Dental Traumatology,A retrospective study of 889 injured permanent teeth.,Comparative Study|Journal Article,needs_human_review,R-mixed,medium,"n=384 patients ages 7–65, 66% children — youth subset extractable but full text needed.",manual
21063551,2010,eng,"Journal of emergencies, trauma, and shock",Prevalence and patterns of combat sport related maxillofacial injuries.,Journal Article,needs_human_review,R-age,medium,n=120 male combat sport athletes (boxing/taekwondo/kickboxing/Muay Thai) — age range not stated.,manual
21197817,2010,eng,The New Zealand dental journal,ACC claims for sports-related dental trauma from 1999 to 2008: a retrospective analysis.,Journal Article,screened_included,I-pri,high,"NZ ACC sports-related dental insurance claims 1999–2008; ~25–31k claims/year with age/sex/region/sport breakdown — large-scale surveillance, youth subset extractable.",manual
21199336,2011,eng,Dental traumatology : official publication of International Association for Dental Traumatology,Eye injuries and orofacial traumas in floorball--a survey in Switzerland and Sweden.,Comparative Study|Journal Article,needs_human_review,R-age,medium,Floorball Switzerland + Sweden n=608 (565 athletes + 43 coaches); age range not stated.,manual
21299945,2011,eng,European archives of paediatric dentistry : official journal of the European Academy of Paediatric Dentistry,Clinical audit of children with permanent tooth injuries treated at a dental hospital in Ireland.,Journal Article,screened_included,I-pri,high,Cork University Dental School pediatric trauma audit; cause and prevalence by type — primary clinical data.,manual
21382033,2011,eng,International dental journal,A survey of orofacial injuries among basketball players.,Journal Article,needs_human_review,R-age,medium,Basketball players Benin City Nigeria — age range not stated in abstract.,manual
21457187,2011,eng,Dental traumatology : official publication of International Association for Dental Traumatology,"Orofacial and dental trauma of young children in Dunedin, New Zealand.","Journal Article|Research Support, Non-U.S. Gov't",screened_included,I-pri,high,Dunedin NZ children 0–10 orofacial trauma audit; sport contributes to causes in older subgroup.,manual
21496201,2011,eng,Dental traumatology : official publication of International Association for Dental Traumatology,Orofacial trauma in Brazilian basketball players and level of information concerning trauma and mouthguards.,Journal Article,screened_excluded,E-age,high,Brazilian Basketball Confederation Category A-1 adult athletes / national team — outside 5–22.,manual
21755701,2011,eng,Collegium antropologicum,Orofacial injuries reported by junior and senior basketball players.,Journal Article,needs_human_review,R-data,medium,Junior AND senior basketball players orofacial injuries; junior subset likely extractable but abstract does not give counts by group.,manual
21790975,2011,eng,Dental traumatology : official publication of International Association for Dental Traumatology,Non-accidental collision followed by dental trauma: associated factors.,Journal Article,needs_human_review,R-data,medium,n=387 Brazilian adolescents 12–15; focus on 'non-accidental collision' — sport-related subset unclear.,manual
21880516,2011,eng,"Oral surgery, oral medicine, oral pathology, oral radiology, and endodontics","The association between orthodontic treatment need and maxillary incisor trauma, a retrospective clinical study.","Comparative Study|Journal Article|Research Support, Non-U.S. Gov't",needs_human_review,R-data,medium,n=502 schoolchildren 11–14 orthodontic risk factor study; sport involvement not in abstract.,manual
22107072,2012,eng,Dental traumatology : official publication of International Association for Dental Traumatology,"Dental injuries in water polo, a survey of players in Switzerland.",Journal Article,needs_human_review,R-age,medium,Water polo Switzerland n=415 players from 6 divisions — likely mostly adult but youth subset may exist.,manual
22882839,2013,eng,Dental traumatology : official publication of International Association for Dental Traumatology,Prevalence of oral trauma in Para-Pan American Games athletes.,Journal Article,needs_human_review,R-age,medium,Para-Pan American Games athletes Rio — adults likely dominate; youth (16–22) subset may be present.,manual
22976571,2012,eng,Oral health and dental management,Prevalence of traumatic dental injuries in children who attended two dental clinics in Targu Mures between 2003 and 2011.,Journal Article,screened_included,I-pri,high,"Targu Mures retrospective study, ages 1–18, with physical-activity risk factor — youth-specific TDI data.",manual
23045787,2012,eng,Journal of the Irish Dental Association,Mouthguard use and dental injury in sport: a questionnaire study of national school children in the west of Ireland.,Journal Article,screened_included,I-pri,high,n=1111 Irish children ages 9–13; mouthguard use + dental trauma in sport — directly addresses §3.3.,manual
23439040,2013,eng,Journal of endodontics,Epidemiology of traumatic dental injuries.,Journal Article|Review,screened_excluded,E-review,high,Narrative review — kept for reference mining; not extracted per §3.2.,auto
23439051,2013,eng,Journal of endodontics,Evidence-based review of prevention of dental injuries.,Journal Article|Review,screened_excluded,E-review,high,Narrative review — kept for reference mining; not extracted per §3.2.,auto
23529288,2013,eng,"Sports medicine (Auckland, N.Z.)","Injury incidence, risk factors and prevention in Australian rules football.",Journal Article|Review,screened_excluded,E-review,high,Narrative review — kept for reference mining; not extracted per §3.2.,auto
23532813,2013,eng,European archives of paediatric dentistry : official journal of the European Academy of Paediatric Dentistry,"Incidence and prevention of traumatic injuries in paediatric handball players in Istanbul, Turkey.",Journal Article,screened_included,I-pri,high,Pediatric handball players Istanbul amateur national league; TDI frequency + mouthguard knowledge — sport + youth fit.,manual
23534038,2013,eng,Oral health & preventive dentistry,"Traumatic dental injuries among 12-year-old schoolchildren in Jordan: prevalence, risk factors and treatment need.","Journal Article|Research Support, Non-U.S. Gov't",needs_human_review,R-data,medium,n=2560 12-yr Jordanian schoolchildren TDI; sport-related subset not isolated in abstract.,manual
23635988,2013,eng,Pediatric dentistry,Evidence-based review of prevention of dental injuries.,Journal Article|Review,screened_excluded,E-review,high,Narrative review — kept for reference mining; not extracted per §3.2.,auto
23998194,2014,eng,Dental traumatology : official publication of International Association for Dental Traumatology,Birth order--a risk factor for dental trauma?,Journal Article,screened_excluded,E-offtop,high,"Birth order as risk factor for dental trauma in 1282 Swiss children; non-sport-specific risk factor study, sport-related subset not the focus.",manual
24198704,2007,eng,Journal of sports science & medicine,Injury profile in women shotokan karate championships in iran (2004-2005).,Journal Article,needs_human_review,R-age,medium,Iranian women Shotokan karate national championships 'in all age groups'; youth subset may be extractable from full text.,manual
24502091,2013,srp,Srpski arhiv za celokupno lekarstvo,[Traumatic dental injuries in Serbian children--epidemiological study].,Journal Article,screened_excluded,E-lang,high,Language='srp' — English-only per PROTOCOL §3.1 v1.0 scope.,auto
24505897,2013,eng,Revista medico-chirurgicala a Societatii de Medici si Naturalisti din Iasi,Clinical--imaging aspects of young permanent teeth traumas and the ethiopatogenic mechanisms involved.,Journal Article,needs_human_review,R-data,medium,n=372 Romanian 8–20 yr; sport-related subset not isolated.,manual
25244279,2014,eng,Nigerian journal of clinical practice,"A retrospective evaluation of traumatic dental injury in children who applied to the dental hospital, Turkey.",Journal Article,needs_human_review,R-data,medium,Samsun Turkey 2007–11 emergency dental trauma in children n=320; sport-related subset not isolated.,manual
25388551,2015,eng,British journal of sports medicine,Oral health of elite athletes and association with performance: a systematic review.,Journal Article|Systematic Review,screened_excluded,E-review,high,Systematic review or meta-analysis — kept for reference mining; not extracted per §3.2.,auto
25500920,2014,eng,Journal of oral science,Dental trauma and mouthguard awareness and use among contact and noncontact athletes in central India.,Journal Article,screened_included,I-pri,high,Cross-sectional athletes 12–22 in central India contact vs noncontact; mouthguard awareness + injury rates — perfect §3.1 age + sport fit.,manual
25520762,2014,eng,Asian journal of sports medicine,A study of sports related occurrence of traumatic orodental injuries and associated risk factors in high school students in north India.,Journal Article,screened_included,I-pri,high,n=cross-sectional HS students 8–16 in North India organized sports teams; sport-related orodental injury prevalence.,manual
25536987,2014,eng,Psychiatria Danubina,Orofacial injuries reported by professional and non-professional basketball players in zagreb and zagreb county.,Journal Article,needs_human_review,R-age,medium,Zagreb amateur (n=60) + professional (n=135) basketball — adult-dominant likely; youth subset extractable only if amateurs include U18.,manual
25574879,2015,eng,Current sports medicine reports,Dental problems in athletes.,Journal Article|Review,screened_excluded,E-review,high,Narrative review — kept for reference mining; not extracted per §3.2.,auto
25600092,2015,eng,Clinical oral investigations,A multicenter study on dental trauma in permanent incisors among Special Olympics athletes in Europe and Eurasia.,Journal Article|Multicenter Study,needs_human_review,R-mixed,medium,n=15941 Special Olympics athletes Europe/Eurasia — mixed ages (Special Olympics allows adults too); youth subset extractable.,manual
25721283,2015,eng,Australian dental journal,"Reporting dental trauma and its inclusion in an injury surveillance system in Victoria, Australia.","Comparative Study|Journal Article|Research Support, Non-U.S. Gov't",needs_human_review,R-age,medium,Royal Dental Hospital Melbourne 2009–2012 emergency surveillance audit — age range not in abstract.,manual
25881567,2016,eng,Clinical journal of sport medicine : official journal of the Canadian Academy of Sport Medicine,"Mouthguard Use and Awareness of Junior Rugby League Players in the Gold Coast, Australia: A Need for More Education.",Journal Article,screened_included,I-pri,high,n=494 junior rugby league players + coaches Gold Coast; knowledge + TDI experience — junior population fits.,manual
26058666,2015,eng,Dental traumatology : official publication of International Association for Dental Traumatology,Association of dental trauma experience and first-aid knowledge among rugby players in Malaysia.,"Journal Article|Research Support, Non-U.S. Gov't",needs_human_review,R-age,medium,"Rugby players Malaysia, aged 16+ — most likely adult, but 16–22 subset extractable.",manual
26093006,2015,eng,The American journal of sports medicine,"Head, Face, and Eye Injuries in Collegiate Women's Field Hockey.","Journal Article|Research Support, Non-U.S. Gov't",screened_included,I-pri,high,Collegiate women's field hockey head/face/eye injury epidemiology; college age within 18–22 — direct sport+age fit.,manual
26408377,2016,eng,Dental traumatology : official publication of International Association for Dental Traumatology,"Dental injuries sustained by high school athletes in the United States, from 2008/2009 through 2013/2014 academic years.","Journal Article|Research Support, Non-U.S. Gov't|Research Support, U.S. Gov't, P.H.S.",screened_included,I-pri,high,National HS Sports-Related Injury Surveillance Study 2008/09–2013/14; n=222 dental injuries with AE-denominator data per sport — gold-standard.,manual
26542314,2016,eng,Dental traumatology : official publication of International Association for Dental Traumatology,"Dental trauma in showjumping - A trinational study between Switzerland, France and Germany.",Journal Article,needs_human_review,R-age,medium,Showjumping Switzerland/France/Germany n=608 — age range not in abstract.,manual
26545273,2015,eng,General dentistry,Mandatory mouthguard rules for high school athletes in the United States.,Journal Article,needs_human_review,R-data,medium,HS athletes US mouthguard mandate review — may be policy overview without primary injury data; full text needed.,manual
26545276,2015,eng,General dentistry,Splinting rationale and contemporary treatment options for luxated and avulsed permanent teeth.,Journal Article,screened_excluded,E-noprim,high,"Clinical review article on splinting rationale for luxated/avulsed teeth — review content, no primary epidemiology.",manual
26678302,2015,eng,Swiss dental journal,Prevention of dental accidents in Swiss boxing clubs.,Journal Article,needs_human_review,R-age,medium,Swiss boxing clubs n=217 boxers; age range not in abstract.,manual
26923445,2016,eng,Australian dental journal,Epidemiology and outcomes of traumatic dental injuries: a review of the literature.,"Journal Article|Research Support, Non-U.S. Gov't|Review",screened_excluded,E-review,high,Narrative review — kept for reference mining; not extracted per §3.2.,auto
26939219,2015,eng,Odonto-stomatologie tropicale = Tropical dental journal,Prevalence and unmet treatment need of traumatized incisor among Cameroonian schoolchildren in North West Province.,Journal Article,needs_human_review,R-data,medium,Cameroon 12–13 schoolchildren incisor trauma n=2287; sport-related subset not isolated.,manual
27452795,2016,eng,International dental journal,Descriptive study of dental injury incurred by junior high school and high school students during participation in school sports clubs.,Journal Article,screened_included,I-pri,high,Japan junior HS + HS school sports clubs dental injury risk by sport; school-age population (mostly 12–18).,manual
27622524,2016,eng,Swiss dental journal,Dental and General Trauma in Team Handball.,Journal Article,needs_human_review,R-age,medium,Team handball 'top athletes' n=542; age range not in abstract — likely senior.,manual
27875057,2016,eng,Journal of athletic training,National Athletic Trainers' Association Position Statement: Preventing and Managing Sport-Related Dental and Oral Injuries.,Journal Article|Consensus Statement,screened_excluded,E-noprim,high,"NATA Position Statement — clinical recommendations / consensus document, not primary epidemiologic data.",manual
28054391,2017,eng,Scandinavian journal of medicine & science in sports,Head injuries in children's football-results from two prospective cohort studies in four European countries.,Journal Article,screened_included,I-pri,high,Prospective cohort study of organized football in 7–12 yr children across 4 European countries; head/neck injuries documented — age fit + sport-specific.,manual
28160512,2017,eng,Dental traumatology : official publication of International Association for Dental Traumatology,Prevalence of dental trauma and use of mouthguards in professional handball players.,Journal Article,needs_human_review,R-age,medium,Professional handball n=100; professional = adult likely.,manual
28314415,2017,eng,Clinics in sports medicine,Epidemiology of Facial Injuries in Sport.,Journal Article|Review,screened_excluded,E-review,high,Narrative review — kept for reference mining; not extracted per §3.2.,auto
28314416,2017,eng,Clinics in sports medicine,Prevention of Sport-related Facial Injuries.,Journal Article|Review,screened_excluded,E-review,high,Narrative review — kept for reference mining; not extracted per §3.2.,auto
28969286,2017,eng,Journal of clinical and diagnostic research : JCDR,Traumatic Dental Injuries Prevalence and their Impact on Self-esteem among Adolescents in India: A Comparative Study.,Journal Article,needs_human_review,R-data,medium,Indian adolescents TDI vs self-esteem; sport-related subset not isolated.,manual
29190193,2017,eng,Journal of the American Veterinary Medical Association,Characterization and comparison of injuries caused by spontaneous versus organized dogfighting.,Comparative Study|Journal Article,screened_excluded,E-offtop,high,"Dogfighting injuries — animal subjects, off-topic (§3.1).",manual
29284466,2017,eng,BMC oral health,Factors associated with sports-related dental injuries among young athletes: a cross-sectional study in Miyagi prefecture.,"Journal Article|Research Support, Non-U.S. Gov't",screened_included,I-pri,high,School-aged athletes Miyagi prefecture Japan; sports-related dental injury prevalence + risk factors — explicit §3.3 outcome.,manual
29303400,2018,eng,The Physician and sportsmedicine,The 'Sequence of Prevention' for musculoskeletal injuries among recreational basketballers: a systematic review of the scientific literature.,Journal Article|Systematic Review,screened_excluded,E-review,high,Systematic review or meta-analysis — kept for reference mining; not extracted per §3.2.,auto
29403232,2017,eng,International journal of clinical pediatric dentistry,"Evaluation of Knowledge, Awareness, and Occurrence of Dental Injuries in Participant Children during Sports in New Delhi: A Pilot Study.",Journal Article,screened_included,I-pri,high,n=450 children 6–16 New Delhi; dental injury prevalence during sport + mouthguard awareness — direct fit.,manual
29406619,2018,eng,Dental traumatology : official publication of International Association for Dental Traumatology,"Oral injuries related to Ice Hockey in the province of Alberta, Canada: Trends over the last 15 years.",Journal Article,screened_included,I-pri,high,Hockey Alberta surveillance 2001–2016 'all ages'; rates + mechanisms — youth subset extractable from governing-body dataset.,manual
29526055,2018,eng,Dental traumatology : official publication of International Association for Dental Traumatology,"Knowledge and attitudes about sports-related dental injuries and mouthguard use in young athletes in four different contact sports-water polo, karate, taekwondo and handball.",Journal Article,screened_included,I-pri,high,n=229 young athletes 4 contact sports (water polo/karate/taekwondo/handball); sport-related dental injury + mouthguard.,manual
29737221,2018,eng,The Physician and sportsmedicine,Injuries in karate: systematic review.,Journal Article|Systematic Review,screened_excluded,E-review,high,Systematic review or meta-analysis — kept for reference mining; not extracted per §3.2.,auto
30156365,2018,eng,Dental traumatology : official publication of International Association for Dental Traumatology,Risk of orofacial injuries and mouthguard use in water polo players.,Journal Article,needs_human_review,R-age,medium,Water polo n=347 players 2015–16 season; age range not in abstract.,manual
30222244,2019,eng,Dental traumatology : official publication of International Association for Dental Traumatology,The use of mouthguards and prevalence of dento-alveolar trauma among athletes: A systematic review and meta-analysis.,Journal Article|Meta-Analysis|Systematic Review,screened_excluded,E-review,high,Systematic review or meta-analysis — kept for reference mining; not extracted per §3.2.,auto
30431180,2019,eng,"Special care in dentistry : official publication of the American Association of Hospital Dentists, the Academy of Dentistry for the Handicapped, and the American Society for Geriatric Dentistry",Prevalence of dental trauma in individuals with special needs participating in local Special Olympics games.,Journal Article,needs_human_review,R-mixed,medium,Israeli Special Olympics 2016 — Special Olympics athletes mixed ages (8+ allowed); youth subset extractable.,manual
30865370,2019,eng,Dental traumatology : official publication of International Association for Dental Traumatology,Prevalence and severity of traumatic dental injuries among young amateur soccer players: A screening investigation.,Journal Article,screened_included,I-pri,high,Amateur soccer players 7–18 Kuwait; TDI prevalence/type/causes — perfect age + sport fit.,manual
31148073,2019,eng,"Sports medicine (Auckland, N.Z.)",Effectiveness of Mouthguards for the Prevention of Orofacial Injuries and Concussions in Sports: Systematic Review and Meta-Analysis.,Journal Article|Meta-Analysis|Systematic Review,screened_excluded,E-review,high,Systematic review or meta-analysis — kept for reference mining; not extracted per §3.2.,auto
31179757,2019,eng,Clinical pediatrics,Pediatric Sports- and Recreation-Related Dental Injuries Treated in US Emergency Departments.,"Journal Article|Research Support, Non-U.S. Gov't|Research Support, U.S. Gov't, P.H.S.",screened_included,I-pri,high,"NEISS pediatric sports/recreation dental injuries treated in US EDs — large-scale surveillance, exactly the kind of source PROTOCOL §4.1 targets.",manual
31228311,2019,eng,European journal of oral sciences,Traumatic dental injuries and experiences along the life course - a study among 16-yr-old pupils in western Norway.,"Journal Article|Research Support, Non-U.S. Gov't",screened_included,I-pri,high,n=2055 16-yr-old Norwegian pupils retrospective longitudinal TDI; life-course risk factors.,manual
31420968,2020,eng,Dental traumatology : official publication of International Association for Dental Traumatology,Prevalence of dentofacial injuries among combat sports practitioners: A systematic review and meta-analysis.,Journal Article|Meta-Analysis|Systematic Review,screened_excluded,E-review,high,Systematic review or meta-analysis — kept for reference mining; not extracted per §3.2.,auto
31506903,2020,eng,"Sports medicine (Auckland, N.Z.)",Injury Risk in New Zealand Rugby Union: A Nationwide Study of Injury Insurance Claims from 2005 to 2017.,Journal Article,screened_included,I-pri,high,"NZ ACC rugby injury claims 2005–2017 ages 5–40 with differences by age — large surveillance, youth subset (5–22) directly extractable.",manual
31624810,2020,eng,Oral health & preventive dentistry,"Dental Trauma Experience, Attitudes and Trauma Prevention in 11- to 13-Year-Old Lithuanian Schoolchildren.",Journal Article,screened_included,I-pri,high,Lithuanian 11–13 schoolchildren with focus on contact-sport mouthguard use; TDI prevalence + sport-specific data.,manual
31765062,2020,eng,Dental traumatology : official publication of International Association for Dental Traumatology,Experience with mouthguards and prevalence of orofacial injuries among field hockey players in Catalonia.,Journal Article,screened_included,I-pri,high,n=325 Catalonia field hockey players 'all age categories' incl. women; sport-specific orofacial injury + mouthguard data.,manual
31801589,2019,eng,Italian journal of pediatrics,Italian guidelines for the prevention and management of dental trauma in children.,Journal Article|Systematic Review,screened_excluded,E-review,high,Systematic review or meta-analysis — kept for reference mining; not extracted per §3.2.,auto
31994310,2020,eng,Dental traumatology : official publication of International Association for Dental Traumatology,The prevalence of orofacial injuries in judo: A cross-sectional study.,Journal Article,needs_human_review,R-age,medium,Bern Switzerland judo n=382; age range not in abstract.,manual
32134033,2020,eng,Nigerian journal of clinical practice,Orofacial trauma awareness among sports teachers in Southern Saudi Arabia.,Journal Article,screened_excluded,E-noprim,high,Awareness/knowledge survey of sports teachers; no athlete-level injury counts.,manual
32854130,2020,ger,Sportverletzung Sportschaden : Organ der Gesellschaft fur Orthopadisch-Traumatologische Sportmedizin,[Injuries in inline skater hockey].,Journal Article,screened_excluded,E-lang,high,Language='ger' — English-only per PROTOCOL §3.1 v1.0 scope.,auto
33188561,2021,eng,Dental traumatology : official publication of International Association for Dental Traumatology,Occurrence and patterns of orofacial injury in CrossFit practitioners.,Journal Article,needs_human_review,R-age,medium,CrossFit practitioners online survey; population likely adult (self-selected practitioners).,manual
33220143,2021,eng,Dental traumatology : official publication of International Association for Dental Traumatology,Mouthguard use and attitudes regarding dental trauma among elite cross-country mountain biking and field hockey athletes.,Journal Article,needs_human_review,R-age,medium,"Elite cross-country mountain biking + field hockey athletes pre-Olympic competitions Rio; elite likely adult, but some youth elite athletes may be present.",manual
33292522,2020,eng,"BMC sports science, medicine & rehabilitation","Random forest algorithm to identify factors associated with sports-related dental injuries in 6 to 13-year-old athlete children in Hamadan, Iran-2018 -a cross-sectional study.",Journal Article,screened_included,I-pri,high,Children 6–13 Hamadan Iran sports-related dental injury study (random forest); primary data on athletes.,manual
33369093,2021,eng,Dental traumatology : official publication of International Association for Dental Traumatology,Oral management with mouthguards during the mixed dentition period: A case report.,Case Reports|Journal Article,screened_excluded,E-case,high,PubMed PublicationType 'Case Reports' — excluded per §3.2.,auto
33377302,2021,eng,Dental traumatology : official publication of International Association for Dental Traumatology,Dental trauma and tongue injuries in professional alpine ski racing-A worldwide survey.,Journal Article,screened_excluded,E-age,high,"Professional alpine ski racers worldwide; professional adults, outside 5–22.",manual
33654038,2021,eng,The Journal of craniofacial surgery,Heads Up Play: Acute Assessment and Management of Basketball-Related Craniofacial Injuries by On-Court Personnel.,Journal Article,screened_included,I-pri,high,10-yr NEISS retrospective cohort of basketball-related craniofacial injuries; on-court management focus but primary epi data available.,manual
33710051,2021,eng,The Journal of craniofacial surgery,Prevalence of Dentofacial Injuries and Concussions Among College Athletes and Their Perceptions of Mouthguards.,Journal Article,screened_included,I-pri,high,n=682 NCAA Division I college athletes Columbia; dento-facial injury + concussion + mouthguard — college fits.,manual
33710063,2021,eng,The Journal of craniofacial surgery,Skating on Thin Ice: Craniofacial Injuries in Amateur Ice Hockey.,Journal Article,screened_included,I-pri,high,10-yr NEISS amateur ice hockey craniofacial injuries; explicit youth/amateur/professional breakdown — youth subset extractable.,manual
33741876,2021,eng,The Journal of craniofacial surgery,Kick Start to an Epidemiological Report of Soccer-Related Craniofacial Trauma Analysis.,Journal Article,screened_included,I-pri,high,10-yr NEISS soccer craniofacial injuries with demographic stratification — youth subset extractable.,manual
33746633,2021,eng,TheScientificWorldJournal,Prevalence and Etiological Factors of Dental Trauma among 12- and 15-Year-Old Schoolchildren of Lebanon: A National Study.,Journal Article,screened_included,I-pri,high,"n=7902 12- and 15-yr-old Lebanese schoolchildren national TDI study — large sample, perfect age fit.",manual
33793079,2021,eng,Dental traumatology : official publication of International Association for Dental Traumatology,Prevalence of orofacial injuries in wheeled non-motor sports athletes: A systematic review and meta-analysis.,Journal Article|Meta-Analysis|Systematic Review,screened_excluded,E-review,high,Systematic review or meta-analysis — kept for reference mining; not extracted per §3.2.,auto
33848349,2021,eng,Journal of athletic training,Sex-Based Differences in Symptoms With Mouthguard Use After Pediatric Sport-Related Concussion.,Journal Article,screened_included,I-pri,high,"Prospective cohort 9 Canadian pediatric EDs, ages 5–18 with sport-related concussion + mouthguard outcomes — direct §3.3 fit.",manual
34047017,2021,eng,Dental traumatology : official publication of International Association for Dental Traumatology,"Prevalence of orofacial trauma and the attitude towards mouthguard use in handball players: A survey in Lorraine, France.",Journal Article,needs_human_review,R-age,medium,Lorraine France handball n=>15 yr — primarily adult; 15–22 subset extractable.,manual
34063591,2021,eng,Dentistry journal,The Impact of Sport Training on Oral Health in Athletes.,Journal Article|Review,screened_excluded,E-review,high,Narrative review — kept for reference mining; not extracted per §3.2.,auto
34257165,2021,eng,The journal of contemporary dental practice,Revisiting Sports Dentistry with a Critical Appraisal.,Journal Article,screened_excluded,E-noprim,high,Editorial 'Revisiting Sports Dentistry' — no primary epidemiology data; review-type content.,manual
34343071,2021,eng,Journal (Canadian Dental Association),"Dental Trauma Among Hockey Players: Preventive Measures, Compliance and Injury Types.",Journal Article,needs_human_review,R-age,medium,Ice hockey n=169 online survey — age range not in abstract.,manual
34643329,2021,eng,Dental traumatology : official publication of International Association for Dental Traumatology,Cross-sectional cohort study on the use of mouthguards by children playing Gaelic football in Ireland.,Journal Article|Observational Study,screened_included,I-pri,high,Cross-sectional observational cohort 9–16 yr Gaelic football children + parents; MG knowledge + dental trauma.,manual
34879017,2022,eng,The Journal of craniofacial surgery,Baseball-Related Craniofacial Injury Among the Youth: A National Electronic Injury Surveillance System Database Study.,Journal Article,screened_included,I-pri,high,"NEISS baseball craniofacial injuries youth (5–19) — perfect §3.1 age + sport fit, primary surveillance dataset.",manual
34907662,2022,eng,Clinical and experimental dental research,"Dental and general injuries among ski and snowboard instructors in Switzerland, Germany, and Austria-A questionnaire-based study.",Journal Article|Review,screened_excluded,E-review,high,Narrative review — kept for reference mining; not extracted per §3.2.,auto
35439876,2022,eng,Journal of the Indian Society of Pedodontics and Preventive Dentistry,Sports-related facial trauma in the Indian population - A systematic review.,Journal Article|Systematic Review,screened_excluded,E-review,high,Systematic review or meta-analysis — kept for reference mining; not extracted per §3.2.,auto
35802850,2022,eng,Dental traumatology : official publication of International Association for Dental Traumatology,Knowledge about the emergency management of dental injuries among field hockey coaches.,Journal Article,screened_excluded,E-noprim,high,"Knowledge survey of field hockey coaches — coaches, not athletes; no athlete-level injury counts.",manual
36317716,2023,eng,Dental traumatology : official publication of International Association for Dental Traumatology,Traumatic dental injuries in high school athletes in the United States of America from 2005 to 2020.,Journal Article,screened_included,I-pri,high,National HS Sports-Related Injury Surveillance Study 2005/06–2019/20; dental injury counts + AE + mouthguard utilization — directly extractable.,manual
36327493,2024,eng,Science & medicine in football,'Benched' the effect of the COVID-19 lockdown on injury incidence in sub-elite football in Australia: a retrospective population study using injury insurance records.,Journal Article,needs_human_review,R-age,medium,Australian sub-elite football (soccer) injury insurance 2018–2020 — age group breakdown reported but exact ranges not in abstract.,manual
36394781,2023,eng,European archives of paediatric dentistry : official journal of the European Academy of Paediatric Dentistry,Assessment of mouthguards worn by Irish children playing contact sports: an observational cross-sectional cohort study.,Observational Study|Journal Article,needs_human_review,R-data,medium,"Irish children contact sport (Gaelic football) MG assessment — primary outcome is MG design adequacy, not injury counts.",manual
36428271,2023,eng,Dental traumatology : official publication of International Association for Dental Traumatology,Quantitative text analysis of the mechanisms of tooth injury: Analysis of accidents in five sports that occurred in 15 years under school control.,Journal Article,screened_included,I-pri,high,n=7684 Japan school dental injury cases over 15 years across 5 sports — large governing-body surveillance dataset.,manual
36479391,2023,eng,Health science reports,Awareness of sports-related dental emergencies and prevention practices among Libyan contact sports coaches: A cross-sectional study.,Journal Article,screened_excluded,E-noprim,high,Awareness study of Libyan contact-sport coaches; no athlete-level injury counts.,manual
36538371,2023,eng,Acta odontologica Scandinavica,Maxillofacial injuries among ice hockey players: a retrospective study from a Finnish trauma Centre.,Journal Article,needs_human_review,R-age,medium,Finnish trauma centre 2013–2020 ice hockey facial fractures; professional + recreational — youth subset extractable.,manual
36878220,2023,ger,Sportverletzung Sportschaden : Organ der Gesellschaft fur Orthopadisch-Traumatologische Sportmedizin,[Injuries in the First German Inline Skater Hockey League].,English Abstract|Journal Article,screened_excluded,E-lang,high,Language='ger' — English-only per PROTOCOL §3.1 v1.0 scope.,auto
36922269,2023,eng,Injury,Prevalence and pattern of traumatic orofacial injuries in Kabaddi players in Delhi-NCR region.,Journal Article,needs_human_review,R-age,medium,Kabaddi players Delhi-NCR — age range not in abstract; likely mixed youth/adult.,manual
36929194,2023,eng,Dental traumatology : official publication of International Association for Dental Traumatology,Head injuries caused by contact with teeth during sports and exercise activities in Japanese schools during the period 2012-2018.,Journal Article,screened_included,I-pri,high,Japan school head injuries from tooth contact 2012–2018; school-age population by definition; primary count data.,manual
37055924,2024,eng,"Special care in dentistry : official publication of the American Association of Hospital Dentists, the Academy of Dentistry for the Handicapped, and the American Society for Geriatric Dentistry",Sports-related dental injuries and oral health status among Malaysian para-athletes: A cross-sectional study.,Journal Article,needs_human_review,R-age,medium,Malaysian para-athletes n=61 — age range not in abstract.,manual
37208059,2023,eng,Clinics in sports medicine,Emergency Facial Injuries in Athletics.,Journal Article|Review,screened_excluded,E-review,high,Narrative review — kept for reference mining; not extracted per §3.2.,auto
37341423,2023,eng,Dental traumatology : official publication of International Association for Dental Traumatology,Knowledge of traumatic dental injuries and mouthguard behavior among Croatian soccer players.,Journal Article,needs_human_review,R-age,medium,Croatian soccer all leagues n=393 — age range not in abstract.,manual
37431232,2023,eng,Dental traumatology : official publication of International Association for Dental Traumatology,"Incidence, characteristics and cost of head, neck and dental injuries in non-professional football (soccer) using 3 years of sports injury insurance data.",Journal Article,needs_human_review,R-age,medium,Australian non-professional football insurance 2018–2020; age categories reported but ranges unclear.,manual
37524627,2023,eng,Journal of science and medicine in sport,Influence of wearing mouthguards on performance among athletes: A systematic review.,Systematic Review|Journal Article,screened_excluded,E-review,high,Systematic review or meta-analysis — kept for reference mining; not extracted per §3.2.,auto
37743045,2023,eng,Journal of oral and maxillofacial surgery : official journal of the American Association of Oral and Maxillofacial Surgeons,"Trends in Soccer-Related Craniomaxillofacial Injuries, United States 2003-2022.",Journal Article,screened_included,I-pri,high,NEISS retrospective 2003–2022 soccer craniomaxillofacial injuries; demographic stratification — youth subset extractable.,manual
37791703,2023,eng,Irish medical journal,Mouthguards reduce dental injuries and associated costs in Ladies Gaelic football.,"Journal Article|Research Support, Non-U.S. Gov't",needs_human_review,R-age,medium,"Ladies Gaelic football MG cost reduction; abstract truncated in our dump — Ladies GAA is adult, but youth subset may exist.",manual
37818921,2024,eng,Dental traumatology : official publication of International Association for Dental Traumatology,"Mechanisms of dental injuries in basketball, United States, 2003-2022.",Journal Article,screened_included,I-pri,high,NEISS basketball dental injury mechanisms 2003–2022; primary mechanism data.,manual
37889242,2023,eng,General dentistry,Global research trends of studies related to mouthguards and dental injuries in sports activities: a bibliometric analysis.,Review|Journal Article,screened_excluded,E-review,high,Narrative review — kept for reference mining; not extracted per §3.2.,auto
38131151,2024,eng,Dental traumatology : official publication of International Association for Dental Traumatology,Oro-dental trauma burden and mouthguard usage among contact sports players: A call for sports dentistry initiatives in Sri Lanka.,Journal Article,screened_included,I-pri,high,n=1340 adolescent contact-sport players Colombo Sri Lanka; oro-dental trauma burden + mouthguard usage — perfect §3.1 fit.,manual
38641923,2024,eng,Dental traumatology : official publication of International Association for Dental Traumatology,Comparative analysis of dental trauma in contact and non-contact sports: A systematic review.,Systematic Review|Journal Article|Comparative Study,screened_excluded,E-review,high,Systematic review or meta-analysis — kept for reference mining; not extracted per §3.2.,auto
38729211,2024,eng,Journal of the American Veterinary Medical Association,Noncombat injury and illness prevalence and working score percentage quantify the impact on duty availability in US Army Special Operations military working dogs.,Journal Article,screened_excluded,E-offtop,high,"US Army Special Operations military working DOGS — animal subjects, off-topic.",manual
39297708,2024,eng,Australian endodontic journal : the journal of the Australian Society of Endodontology Inc,"Permanent tooth avulsions: A retrospective analysis of the demographics and aetiology of cases at a tertiary hospital in Sydney, Australia.",Journal Article,screened_included,I-pri,high,"Sydney tertiary hospital 2001–2021 avulsion cohort, median age 12 (IQR 9–17); non-organized sport = most common cause — youth + sport fit.",manual
39452438,2024,eng,Dentistry journal,"Traumatic Dental Injuries: Prevalence, First Aid, and Mouthguard Use in a Sample of Italian Kickboxing Athletes.",Journal Article,needs_human_review,R-mixed,medium,Italian kickboxing athletes n=142 ages 5–65 — youth subset (5–22) extractable but needs full text.,manual
39578680,2025,eng,Dental traumatology : official publication of International Association for Dental Traumatology,Position Statement and Recommendations for Custom-Made Sport Mouthguards.,Journal Article|Review|Consensus Statement,screened_excluded,E-review,high,Narrative review — kept for reference mining; not extracted per §3.2.,auto
39630092,2026,eng,Clinical journal of sport medicine : official journal of the Canadian Academy of Sport Medicine,Experience of Orofacial Injuries and Use of Mouthguards - A Survey in German Elite Sport.,Journal Article,needs_human_review,R-age,medium,German elite athletes 18–35; 18–22 subset within scope but mixed-ages population.,manual
40267058,2025,eng,PloS one,Motivators and barriers to mouthguard compliance by adult Gaelic football athletes.,Journal Article,screened_excluded,E-age,high,Adult Gaelic football athletes mouthguard compliance; population explicitly adult.,manual
40655786,2025,eng,Journal of pharmacy & bioallied sciences,Prevalence and Outcomes of Dental Trauma in Sports-Related Injuries in the Last 2 Years.,Journal Article,screened_included,I-pri,high,Retrospective 100-case sports-related dental trauma study with focus on children/adolescents and contact sports.,manual
40662680,2025,eng,Swiss dental journal,"From Fitness to Fight: Associations between training motivation and injury prevalence in Muay Thai, K-1 and Kickboxing.",Journal Article,needs_human_review,R-age,medium,Swiss Muay Thai/K-1/Kickboxing n=440 martial artists — age range not in abstract.,manual
40771058,2026,eng,Dental traumatology : official publication of International Association for Dental Traumatology,Youth Basketball Players' Awareness and Experiences of Sports-Related Traumatic Dental Injuries and Mouthguards in Turkey: A Cross-Sectional Study.,Journal Article,screened_included,I-pri,high,n=125 youth basketball players Turkey 2024–25 season; TDI prevalence + mouthguard knowledge — direct §3.1 fit.,manual
40917008,2026,eng,Dental traumatology : official publication of International Association for Dental Traumatology,Epidemiology of Orofacial Trauma in Syrian Pediatric Athletes: A Cross-Sectional Study on Prevalence and Injury Patterns.,Journal Article,screened_included,I-pri,high,n=582 Syrian child athletes 6–16; orofacial-dental trauma prevalence + injury patterns + protective gear — direct §3.1 fit.,manual
40919643,2025,eng,Clinical and experimental dental research,Dental Trauma Prevention and Injury Measures Among Supervisors of German Elite Handball Teams: A Questionnaire-Based Cross-Sectional Study.,Journal Article,screened_excluded,E-noprim,high,"Survey of German elite team SUPERVISORS — preventive knowledge of medical teams, not athlete-level injury counts.",manual
41058495,2025,dut,Nederlands tijdschrift voor tandheelkunde,[Online survey Sports and oral health: the results].,English Abstract|Journal Article,screened_excluded,E-lang,high,Language='dut' — English-only per PROTOCOL §3.1 v1.0 scope.,auto
41441433,2025,eng,"Sports (Basel, Switzerland)",Research Progress on Common Sports Injuries Among Youth Ice Hockey Players and Prevention Strategies: A Narrative Review.,Journal Article|Review,screened_excluded,E-review,high,Narrative review — kept for reference mining; not extracted per §3.2.,auto
41501720,2026,eng,BMC public health,"Prevalence and risk factors of orofacial trauma among child and adolescent athletes in Damascus, Syria: a cross-sectional study.",Journal Article,screened_included,I-pri,high,n=445 child/adolescent athletes 6–16 Damascus Syria; orofacial trauma prevalence + risk factors.,manual
41742174,2026,eng,BMC oral health,"Oral health, orofacial pain and dysfunction, and orofacial trauma in athletes: a scoping review.",Journal Article|Systematic Review,screened_excluded,E-review,high,Systematic review or meta-analysis — kept for reference mining; not extracted per §3.2.,auto
41760758,2026,eng,British dental journal,Emergency management of sport-related orofacial trauma.,Journal Article|Review,screened_excluded,E-review,high,Narrative review — kept for reference mining; not extracted per §3.2.,auto
41871283,2026,eng,Clinical and experimental dental research,Occurrence of Orofacial and Dental Injuries in Rugby: Systematic Review and Meta-Analysis.,Journal Article|Systematic Review|Meta-Analysis|Review,screened_excluded,E-review,high,Systematic review or meta-analysis — kept for reference mining; not extracted per §3.2.,auto
42052228,2026,eng,Orthopaedic journal of sports medicine,"Epidemiology of Softball Injuries Comparison of Softball-Related Injuries at US Emergency Departments Between High School and Collegiate Athletes: A 10-Year NEISS Analysis, 2015-2024.",Journal Article,screened_included,I-pri,high,10-yr NEISS analysis 2015–2024 comparing HS vs collegiate softball injuries — direct §3.1 fit with AE-comparable data.,manual
