pmid,pub_year,journal,publication_types,has_abstract,language,title
42052228,2026,Orthopaedic journal of sports medicine,Journal Article,yes,eng,"Epidemiology of Softball Injuries Comparison of Softball-Related Injuries at US Emergency Departments Between High School and Collegiate Athletes: A 10-Year NEISS Analysis, 2015-2024."
41871283,2026,Clinical and experimental dental research,Journal Article|Systematic Review|Meta-Analysis|Review,yes,eng,Occurrence of Orofacial and Dental Injuries in Rugby: Systematic Review and Meta-Analysis.
41760758,2026,British dental journal,Journal Article|Review,yes,eng,Emergency management of sport-related orofacial trauma.
41742174,2026,BMC oral health,Journal Article|Systematic Review,yes,eng,"Oral health, orofacial pain and dysfunction, and orofacial trauma in athletes: a scoping review."
41501720,2026,BMC public health,Journal Article,yes,eng,"Prevalence and risk factors of orofacial trauma among child and adolescent athletes in Damascus, Syria: a cross-sectional study."
41441433,2025,"Sports (Basel, Switzerland)",Journal Article|Review,yes,eng,Research Progress on Common Sports Injuries Among Youth Ice Hockey Players and Prevention Strategies: A Narrative Review.
41058495,2025,Nederlands tijdschrift voor tandheelkunde,English Abstract|Journal Article,yes,dut,[Online survey Sports and oral health: the results].
40919643,2025,Clinical and experimental dental research,Journal Article,yes,eng,Dental Trauma Prevention and Injury Measures Among Supervisors of German Elite Handball Teams: A Questionnaire-Based Cross-Sectional Study.
40917008,2026,Dental traumatology : official publication of International Association for Dental Traumatology,Journal Article,yes,eng,Epidemiology of Orofacial Trauma in Syrian Pediatric Athletes: A Cross-Sectional Study on Prevalence and Injury Patterns.
40771058,2026,Dental traumatology : official publication of International Association for Dental Traumatology,Journal Article,yes,eng,Youth Basketball Players' Awareness and Experiences of Sports-Related Traumatic Dental Injuries and Mouthguards in Turkey: A Cross-Sectional Study.
40662680,2025,Swiss dental journal,Journal Article,yes,eng,"From Fitness to Fight: Associations between training motivation and injury prevalence in Muay Thai, K-1 and Kickboxing."
40655786,2025,Journal of pharmacy & bioallied sciences,Journal Article,yes,eng,Prevalence and Outcomes of Dental Trauma in Sports-Related Injuries in the Last 2 Years.
40267058,2025,PloS one,Journal Article,yes,eng,Motivators and barriers to mouthguard compliance by adult Gaelic football athletes.
39630092,2026,Clinical journal of sport medicine : official journal of the Canadian Academy of Sport Medicine,Journal Article,yes,eng,Experience of Orofacial Injuries and Use of Mouthguards - A Survey in German Elite Sport.
39578680,2025,Dental traumatology : official publication of International Association for Dental Traumatology,Journal Article|Review|Consensus Statement,yes,eng,Position Statement and Recommendations for Custom-Made Sport Mouthguards.
39452438,2024,Dentistry journal,Journal Article,yes,eng,"Traumatic Dental Injuries: Prevalence, First Aid, and Mouthguard Use in a Sample of Italian Kickboxing Athletes."
39297708,2024,Australian endodontic journal : the journal of the Australian Society of Endodontology Inc,Journal Article,yes,eng,"Permanent tooth avulsions: A retrospective analysis of the demographics and aetiology of cases at a tertiary hospital in Sydney, Australia."
38729211,2024,Journal of the American Veterinary Medical Association,Journal Article,yes,eng,Noncombat injury and illness prevalence and working score percentage quantify the impact on duty availability in US Army Special Operations military working dogs.
38641923,2024,Dental traumatology : official publication of International Association for Dental Traumatology,Systematic Review|Journal Article|Comparative Study,yes,eng,Comparative analysis of dental trauma in contact and non-contact sports: A systematic review.
38131151,2024,Dental traumatology : official publication of International Association for Dental Traumatology,Journal Article,yes,eng,Oro-dental trauma burden and mouthguard usage among contact sports players: A call for sports dentistry initiatives in Sri Lanka.
37889242,2023,General dentistry,Review|Journal Article,yes,eng,Global research trends of studies related to mouthguards and dental injuries in sports activities: a bibliometric analysis.
37818921,2024,Dental traumatology : official publication of International Association for Dental Traumatology,Journal Article,yes,eng,"Mechanisms of dental injuries in basketball, United States, 2003-2022."
37791703,2023,Irish medical journal,"Journal Article|Research Support, Non-U.S. Gov't",no,eng,Mouthguards reduce dental injuries and associated costs in Ladies Gaelic football.
37743045,2023,Journal of oral and maxillofacial surgery : official journal of the American Association of Oral and Maxillofacial Surgeons,Journal Article,yes,eng,"Trends in Soccer-Related Craniomaxillofacial Injuries, United States 2003-2022."
37524627,2023,Journal of science and medicine in sport,Systematic Review|Journal Article,yes,eng,Influence of wearing mouthguards on performance among athletes: A systematic review.
37431232,2023,Dental traumatology : official publication of International Association for Dental Traumatology,Journal Article,yes,eng,"Incidence, characteristics and cost of head, neck and dental injuries in non-professional football (soccer) using 3 years of sports injury insurance data."
37341423,2023,Dental traumatology : official publication of International Association for Dental Traumatology,Journal Article,yes,eng,Knowledge of traumatic dental injuries and mouthguard behavior among Croatian soccer players.
37208059,2023,Clinics in sports medicine,Journal Article|Review,yes,eng,Emergency Facial Injuries in Athletics.
37055924,2024,"Special care in dentistry : official publication of the American Association of Hospital Dentists, the Academy of Dentistry for the Handicapped, and the American Society for Geriatric Dentistry",Journal Article,yes,eng,Sports-related dental injuries and oral health status among Malaysian para-athletes: A cross-sectional study.
36929194,2023,Dental traumatology : official publication of International Association for Dental Traumatology,Journal Article,yes,eng,Head injuries caused by contact with teeth during sports and exercise activities in Japanese schools during the period 2012-2018.
36922269,2023,Injury,Journal Article,yes,eng,Prevalence and pattern of traumatic orofacial injuries in Kabaddi players in Delhi-NCR region.
36878220,2023,Sportverletzung Sportschaden : Organ der Gesellschaft fur Orthopadisch-Traumatologische Sportmedizin,English Abstract|Journal Article,yes,ger,[Injuries in the First German Inline Skater Hockey League].
36538371,2023,Acta odontologica Scandinavica,Journal Article,yes,eng,Maxillofacial injuries among ice hockey players: a retrospective study from a Finnish trauma Centre.
36479391,2023,Health science reports,Journal Article,yes,eng,Awareness of sports-related dental emergencies and prevention practices among Libyan contact sports coaches: A cross-sectional study.
36428271,2023,Dental traumatology : official publication of International Association for Dental Traumatology,Journal Article,yes,eng,Quantitative text analysis of the mechanisms of tooth injury: Analysis of accidents in five sports that occurred in 15 years under school control.
36394781,2023,European archives of paediatric dentistry : official journal of the European Academy of Paediatric Dentistry,Observational Study|Journal Article,yes,eng,Assessment of mouthguards worn by Irish children playing contact sports: an observational cross-sectional cohort study.
36327493,2024,Science & medicine in football,Journal Article,yes,eng,'Benched' the effect of the COVID-19 lockdown on injury incidence in sub-elite football in Australia: a retrospective population study using injury insurance records.
36317716,2023,Dental traumatology : official publication of International Association for Dental Traumatology,Journal Article,yes,eng,Traumatic dental injuries in high school athletes in the United States of America from 2005 to 2020.
35802850,2022,Dental traumatology : official publication of International Association for Dental Traumatology,Journal Article,yes,eng,Knowledge about the emergency management of dental injuries among field hockey coaches.
35439876,2022,Journal of the Indian Society of Pedodontics and Preventive Dentistry,Journal Article|Systematic Review,yes,eng,Sports-related facial trauma in the Indian population - A systematic review.
34907662,2022,Clinical and experimental dental research,Journal Article|Review,yes,eng,"Dental and general injuries among ski and snowboard instructors in Switzerland, Germany, and Austria-A questionnaire-based study."
34879017,2022,The Journal of craniofacial surgery,Journal Article,yes,eng,Baseball-Related Craniofacial Injury Among the Youth: A National Electronic Injury Surveillance System Database Study.
34643329,2021,Dental traumatology : official publication of International Association for Dental Traumatology,Journal Article|Observational Study,yes,eng,Cross-sectional cohort study on the use of mouthguards by children playing Gaelic football in Ireland.
34343071,2021,Journal (Canadian Dental Association),Journal Article,yes,eng,"Dental Trauma Among Hockey Players: Preventive Measures, Compliance and Injury Types."
34257165,2021,The journal of contemporary dental practice,Journal Article,yes,eng,Revisiting Sports Dentistry with a Critical Appraisal.
34063591,2021,Dentistry journal,Journal Article|Review,yes,eng,The Impact of Sport Training on Oral Health in Athletes.
34047017,2021,Dental traumatology : official publication of International Association for Dental Traumatology,Journal Article,yes,eng,"Prevalence of orofacial trauma and the attitude towards mouthguard use in handball players: A survey in Lorraine, France."
33848349,2021,Journal of athletic training,Journal Article,yes,eng,Sex-Based Differences in Symptoms With Mouthguard Use After Pediatric Sport-Related Concussion.
33793079,2021,Dental traumatology : official publication of International Association for Dental Traumatology,Journal Article|Meta-Analysis|Systematic Review,yes,eng,Prevalence of orofacial injuries in wheeled non-motor sports athletes: A systematic review and meta-analysis.
33746633,2021,TheScientificWorldJournal,Journal Article,yes,eng,Prevalence and Etiological Factors of Dental Trauma among 12- and 15-Year-Old Schoolchildren of Lebanon: A National Study.
33741876,2021,The Journal of craniofacial surgery,Journal Article,yes,eng,Kick Start to an Epidemiological Report of Soccer-Related Craniofacial Trauma Analysis.
33710063,2021,The Journal of craniofacial surgery,Journal Article,yes,eng,Skating on Thin Ice: Craniofacial Injuries in Amateur Ice Hockey.
33710051,2021,The Journal of craniofacial surgery,Journal Article,yes,eng,Prevalence of Dentofacial Injuries and Concussions Among College Athletes and Their Perceptions of Mouthguards.
33654038,2021,The Journal of craniofacial surgery,Journal Article,yes,eng,Heads Up Play: Acute Assessment and Management of Basketball-Related Craniofacial Injuries by On-Court Personnel.
33377302,2021,Dental traumatology : official publication of International Association for Dental Traumatology,Journal Article,yes,eng,Dental trauma and tongue injuries in professional alpine ski racing-A worldwide survey.
33369093,2021,Dental traumatology : official publication of International Association for Dental Traumatology,Case Reports|Journal Article,yes,eng,Oral management with mouthguards during the mixed dentition period: A case report.
33292522,2020,"BMC sports science, medicine & rehabilitation",Journal Article,yes,eng,"Random forest algorithm to identify factors associated with sports-related dental injuries in 6 to 13-year-old athlete children in Hamadan, Iran-2018 -a cross-sectional study."
33220143,2021,Dental traumatology : official publication of International Association for Dental Traumatology,Journal Article,yes,eng,Mouthguard use and attitudes regarding dental trauma among elite cross-country mountain biking and field hockey athletes.
33188561,2021,Dental traumatology : official publication of International Association for Dental Traumatology,Journal Article,yes,eng,Occurrence and patterns of orofacial injury in CrossFit practitioners.
32854130,2020,Sportverletzung Sportschaden : Organ der Gesellschaft fur Orthopadisch-Traumatologische Sportmedizin,Journal Article,yes,ger,[Injuries in inline skater hockey].
32134033,2020,Nigerian journal of clinical practice,Journal Article,yes,eng,Orofacial trauma awareness among sports teachers in Southern Saudi Arabia.
31994310,2020,Dental traumatology : official publication of International Association for Dental Traumatology,Journal Article,yes,eng,The prevalence of orofacial injuries in judo: A cross-sectional study.
31801589,2019,Italian journal of pediatrics,Journal Article|Systematic Review,yes,eng,Italian guidelines for the prevention and management of dental trauma in children.
31765062,2020,Dental traumatology : official publication of International Association for Dental Traumatology,Journal Article,yes,eng,Experience with mouthguards and prevalence of orofacial injuries among field hockey players in Catalonia.
31624810,2020,Oral health & preventive dentistry,Journal Article,yes,eng,"Dental Trauma Experience, Attitudes and Trauma Prevention in 11- to 13-Year-Old Lithuanian Schoolchildren."
31506903,2020,"Sports medicine (Auckland, N.Z.)",Journal Article,yes,eng,Injury Risk in New Zealand Rugby Union: A Nationwide Study of Injury Insurance Claims from 2005 to 2017.
31420968,2020,Dental traumatology : official publication of International Association for Dental Traumatology,Journal Article|Meta-Analysis|Systematic Review,yes,eng,Prevalence of dentofacial injuries among combat sports practitioners: A systematic review and meta-analysis.
31228311,2019,European journal of oral sciences,"Journal Article|Research Support, Non-U.S. Gov't",yes,eng,Traumatic dental injuries and experiences along the life course - a study among 16-yr-old pupils in western Norway.
31179757,2019,Clinical pediatrics,"Journal Article|Research Support, Non-U.S. Gov't|Research Support, U.S. Gov't, P.H.S.",yes,eng,Pediatric Sports- and Recreation-Related Dental Injuries Treated in US Emergency Departments.
31148073,2019,"Sports medicine (Auckland, N.Z.)",Journal Article|Meta-Analysis|Systematic Review,yes,eng,Effectiveness of Mouthguards for the Prevention of Orofacial Injuries and Concussions in Sports: Systematic Review and Meta-Analysis.
30865370,2019,Dental traumatology : official publication of International Association for Dental Traumatology,Journal Article,yes,eng,Prevalence and severity of traumatic dental injuries among young amateur soccer players: A screening investigation.
30431180,2019,"Special care in dentistry : official publication of the American Association of Hospital Dentists, the Academy of Dentistry for the Handicapped, and the American Society for Geriatric Dentistry",Journal Article,yes,eng,Prevalence of dental trauma in individuals with special needs participating in local Special Olympics games.
30222244,2019,Dental traumatology : official publication of International Association for Dental Traumatology,Journal Article|Meta-Analysis|Systematic Review,yes,eng,The use of mouthguards and prevalence of dento-alveolar trauma among athletes: A systematic review and meta-analysis.
30156365,2018,Dental traumatology : official publication of International Association for Dental Traumatology,Journal Article,yes,eng,Risk of orofacial injuries and mouthguard use in water polo players.
29737221,2018,The Physician and sportsmedicine,Journal Article|Systematic Review,yes,eng,Injuries in karate: systematic review.
29526055,2018,Dental traumatology : official publication of International Association for Dental Traumatology,Journal Article,yes,eng,"Knowledge and attitudes about sports-related dental injuries and mouthguard use in young athletes in four different contact sports-water polo, karate, taekwondo and handball."
29406619,2018,Dental traumatology : official publication of International Association for Dental Traumatology,Journal Article,yes,eng,"Oral injuries related to Ice Hockey in the province of Alberta, Canada: Trends over the last 15 years."
29403232,2017,International journal of clinical pediatric dentistry,Journal Article,yes,eng,"Evaluation of Knowledge, Awareness, and Occurrence of Dental Injuries in Participant Children during Sports in New Delhi: A Pilot Study."
29303400,2018,The Physician and sportsmedicine,Journal Article|Systematic Review,yes,eng,The 'Sequence of Prevention' for musculoskeletal injuries among recreational basketballers: a systematic review of the scientific literature.
29284466,2017,BMC oral health,"Journal Article|Research Support, Non-U.S. Gov't",yes,eng,Factors associated with sports-related dental injuries among young athletes: a cross-sectional study in Miyagi prefecture.
29190193,2017,Journal of the American Veterinary Medical Association,Comparative Study|Journal Article,yes,eng,Characterization and comparison of injuries caused by spontaneous versus organized dogfighting.
28969286,2017,Journal of clinical and diagnostic research : JCDR,Journal Article,yes,eng,Traumatic Dental Injuries Prevalence and their Impact on Self-esteem among Adolescents in India: A Comparative Study.
28314416,2017,Clinics in sports medicine,Journal Article|Review,yes,eng,Prevention of Sport-related Facial Injuries.
28314415,2017,Clinics in sports medicine,Journal Article|Review,yes,eng,Epidemiology of Facial Injuries in Sport.
28160512,2017,Dental traumatology : official publication of International Association for Dental Traumatology,Journal Article,yes,eng,Prevalence of dental trauma and use of mouthguards in professional handball players.
28054391,2017,Scandinavian journal of medicine & science in sports,Journal Article,yes,eng,Head injuries in children's football-results from two prospective cohort studies in four European countries.
27875057,2016,Journal of athletic training,Journal Article|Consensus Statement,yes,eng,National Athletic Trainers' Association Position Statement: Preventing and Managing Sport-Related Dental and Oral Injuries.
27622524,2016,Swiss dental journal,Journal Article,yes,eng,Dental and General Trauma in Team Handball.
27452795,2016,International dental journal,Journal Article,yes,eng,Descriptive study of dental injury incurred by junior high school and high school students during participation in school sports clubs.
26939219,2015,Odonto-stomatologie tropicale = Tropical dental journal,Journal Article,yes,eng,Prevalence and unmet treatment need of traumatized incisor among Cameroonian schoolchildren in North West Province.
26923445,2016,Australian dental journal,"Journal Article|Research Support, Non-U.S. Gov't|Review",yes,eng,Epidemiology and outcomes of traumatic dental injuries: a review of the literature.
26678302,2015,Swiss dental journal,Journal Article,yes,eng,Prevention of dental accidents in Swiss boxing clubs.
26545276,2015,General dentistry,Journal Article,yes,eng,Splinting rationale and contemporary treatment options for luxated and avulsed permanent teeth.
26545273,2015,General dentistry,Journal Article,yes,eng,Mandatory mouthguard rules for high school athletes in the United States.
26542314,2016,Dental traumatology : official publication of International Association for Dental Traumatology,Journal Article,yes,eng,"Dental trauma in showjumping - A trinational study between Switzerland, France and Germany."
26408377,2016,Dental traumatology : official publication of International Association for Dental Traumatology,"Journal Article|Research Support, Non-U.S. Gov't|Research Support, U.S. Gov't, P.H.S.",yes,eng,"Dental injuries sustained by high school athletes in the United States, from 2008/2009 through 2013/2014 academic years."
26093006,2015,The American journal of sports medicine,"Journal Article|Research Support, Non-U.S. Gov't",yes,eng,"Head, Face, and Eye Injuries in Collegiate Women's Field Hockey."
26058666,2015,Dental traumatology : official publication of International Association for Dental Traumatology,"Journal Article|Research Support, Non-U.S. Gov't",yes,eng,Association of dental trauma experience and first-aid knowledge among rugby players in Malaysia.
25881567,2016,Clinical journal of sport medicine : official journal of the Canadian Academy of Sport Medicine,Journal Article,yes,eng,"Mouthguard Use and Awareness of Junior Rugby League Players in the Gold Coast, Australia: A Need for More Education."
25721283,2015,Australian dental journal,"Comparative Study|Journal Article|Research Support, Non-U.S. Gov't",yes,eng,"Reporting dental trauma and its inclusion in an injury surveillance system in Victoria, Australia."
25600092,2015,Clinical oral investigations,Journal Article|Multicenter Study,yes,eng,A multicenter study on dental trauma in permanent incisors among Special Olympics athletes in Europe and Eurasia.
25574879,2015,Current sports medicine reports,Journal Article|Review,yes,eng,Dental problems in athletes.
25536987,2014,Psychiatria Danubina,Journal Article,yes,eng,Orofacial injuries reported by professional and non-professional basketball players in zagreb and zagreb county.
25520762,2014,Asian journal of sports medicine,Journal Article,yes,eng,A study of sports related occurrence of traumatic orodental injuries and associated risk factors in high school students in north India.
25500920,2014,Journal of oral science,Journal Article,yes,eng,Dental trauma and mouthguard awareness and use among contact and noncontact athletes in central India.
25388551,2015,British journal of sports medicine,Journal Article|Systematic Review,yes,eng,Oral health of elite athletes and association with performance: a systematic review.
25244279,2014,Nigerian journal of clinical practice,Journal Article,yes,eng,"A retrospective evaluation of traumatic dental injury in children who applied to the dental hospital, Turkey."
24505897,2013,Revista medico-chirurgicala a Societatii de Medici si Naturalisti din Iasi,Journal Article,yes,eng,Clinical--imaging aspects of young permanent teeth traumas and the ethiopatogenic mechanisms involved.
24502091,2013,Srpski arhiv za celokupno lekarstvo,Journal Article,yes,srp,[Traumatic dental injuries in Serbian children--epidemiological study].
23998194,2014,Dental traumatology : official publication of International Association for Dental Traumatology,Journal Article,yes,eng,Birth order--a risk factor for dental trauma?
23635988,2013,Pediatric dentistry,Journal Article|Review,yes,eng,Evidence-based review of prevention of dental injuries.
23534038,2013,Oral health & preventive dentistry,"Journal Article|Research Support, Non-U.S. Gov't",yes,eng,"Traumatic dental injuries among 12-year-old schoolchildren in Jordan: prevalence, risk factors and treatment need."
23532813,2013,European archives of paediatric dentistry : official journal of the European Academy of Paediatric Dentistry,Journal Article,yes,eng,"Incidence and prevention of traumatic injuries in paediatric handball players in Istanbul, Turkey."
23529288,2013,"Sports medicine (Auckland, N.Z.)",Journal Article|Review,yes,eng,"Injury incidence, risk factors and prevention in Australian rules football."
23439051,2013,Journal of endodontics,Journal Article|Review,yes,eng,Evidence-based review of prevention of dental injuries.
23439040,2013,Journal of endodontics,Journal Article|Review,yes,eng,Epidemiology of traumatic dental injuries.
23045787,2012,Journal of the Irish Dental Association,Journal Article,yes,eng,Mouthguard use and dental injury in sport: a questionnaire study of national school children in the west of Ireland.
22976571,2012,Oral health and dental management,Journal Article,yes,eng,Prevalence of traumatic dental injuries in children who attended two dental clinics in Targu Mures between 2003 and 2011.
22882839,2013,Dental traumatology : official publication of International Association for Dental Traumatology,Journal Article,yes,eng,Prevalence of oral trauma in Para-Pan American Games athletes.
22107072,2012,Dental traumatology : official publication of International Association for Dental Traumatology,Journal Article,yes,eng,"Dental injuries in water polo, a survey of players in Switzerland."
21880516,2011,"Oral surgery, oral medicine, oral pathology, oral radiology, and endodontics","Comparative Study|Journal Article|Research Support, Non-U.S. Gov't",yes,eng,"The association between orthodontic treatment need and maxillary incisor trauma, a retrospective clinical study."
21790975,2011,Dental traumatology : official publication of International Association for Dental Traumatology,Journal Article,yes,eng,Non-accidental collision followed by dental trauma: associated factors.
21755701,2011,Collegium antropologicum,Journal Article,yes,eng,Orofacial injuries reported by junior and senior basketball players.
21496201,2011,Dental traumatology : official publication of International Association for Dental Traumatology,Journal Article,yes,eng,Orofacial trauma in Brazilian basketball players and level of information concerning trauma and mouthguards.
21457187,2011,Dental traumatology : official publication of International Association for Dental Traumatology,"Journal Article|Research Support, Non-U.S. Gov't",yes,eng,"Orofacial and dental trauma of young children in Dunedin, New Zealand."
21382033,2011,International dental journal,Journal Article,yes,eng,A survey of orofacial injuries among basketball players.
21299945,2011,European archives of paediatric dentistry : official journal of the European Academy of Paediatric Dentistry,Journal Article,yes,eng,Clinical audit of children with permanent tooth injuries treated at a dental hospital in Ireland.
21199336,2011,Dental traumatology : official publication of International Association for Dental Traumatology,Comparative Study|Journal Article,yes,eng,Eye injuries and orofacial traumas in floorball--a survey in Switzerland and Sweden.
21197817,2010,The New Zealand dental journal,Journal Article,yes,eng,ACC claims for sports-related dental trauma from 1999 to 2008: a retrospective analysis.
21063551,2010,"Journal of emergencies, trauma, and shock",Journal Article,yes,eng,Prevalence and patterns of combat sport related maxillofacial injuries.
20946344,2010,Dental traumatology : official publication of International Association for Dental Traumatology,Comparative Study|Journal Article,yes,eng,A retrospective study of 889 injured permanent teeth.
20711109,2011,"Medicina oral, patologia oral y cirugia bucal","Journal Article|Research Support, Non-U.S. Gov't",yes,eng,Study of the effect of oral health on physical condition of professional soccer players of the Football Club Barcelona.
20669600,2010,Irish medical journal,Journal Article,yes,eng,Maxillofacial and dental injuries sustained in hurling.
20666978,2010,Journal of public health dentistry,"Journal Article|Research Support, Non-U.S. Gov't",yes,eng,Prevalence and associated factors of traumatic dental injuries in Brazilian schoolchildren.
20572841,2010,Dental traumatology : official publication of International Association for Dental Traumatology,Journal Article,yes,eng,Prevalence of dental trauma in Pan American games athletes.
20486946,2010,Dental traumatology : official publication of International Association for Dental Traumatology,Journal Article,yes,eng,Orofacial and dental injuries of snowboarders in Turkey.
20089070,2010,Dental traumatology : official publication of International Association for Dental Traumatology,Journal Article,yes,eng,"Prevalence of traumatic injuries to maxillary permanent teeth in 9- to 14-year-old school children in Yazd, Iran."
19615582,2009,Journal of oral and maxillofacial surgery : official journal of the American Association of Oral and Maxillofacial Surgeons,Comparative Study|Journal Article,yes,eng,Dental injuries in association with facial fractures.
19614738,2009,Dental traumatology : official publication of International Association for Dental Traumatology,Journal Article,yes,eng,"Consumer products and activities associated with dental injuries to children treated in United States emergency departments, 1990-2003."
19566982,2009,Primary dental care : journal of the Faculty of General Dental Practitioners (UK),Comparative Study|Journal Article,yes,eng,A pilot study of the prevalence of orofacial and head injuries in schoolboy cricketers at eight private schools in England and Australia.
19402309,2009,Fogorvosi szemle,English Abstract|Historical Article|Journal Article,yes,hun,[Changing approaches to traumatic injuries to primary and permanent teeth based on the reports published in 'Fogorvosi Szemle' in the past 100 years].
19290905,2009,Dental traumatology : official publication of International Association for Dental Traumatology,"Journal Article|Research Support, Non-U.S. Gov't",yes,eng,Traumatic dental injuries of permanent incisors in 11- to 13-year-old South African schoolchildren.
19208012,2009,Dental traumatology : official publication of International Association for Dental Traumatology,Journal Article,yes,eng,Activities related to the occurrence of traumatic dental injuries in 15- to 18-year-olds.
19208007,2009,Dental traumatology : official publication of International Association for Dental Traumatology,Journal Article|Review,yes,eng,Aetiology and risk factors related to traumatic dental injuries--a review of the literature.
19149336,2008,Military medicine,Journal Article,yes,eng,Orofacial injuries and mouth guard use in elite commando fighters.
19055884,2008,Journal of dental hygiene : JDH,Journal Article,yes,eng,Mouthguards in the American Hockey League [AHL].
19030141,2008,Journal of athletic training,"Journal Article|Research Support, Non-U.S. Gov't|Research Support, U.S. Gov't, P.H.S.",yes,eng,Epidemiology of rare injuries and conditions among United States high school athletes during the 2005-2006 and 2006-2007 school years.
19021660,2008,Dental traumatology : official publication of International Association for Dental Traumatology,Journal Article,yes,eng,Dental trauma in an Australian rural centre.
19021650,2008,Dental traumatology : official publication of International Association for Dental Traumatology,Journal Article,yes,eng,Retrospective clinical study of 90 avulsed permanent teeth in 58 children.
18821957,2008,Dental traumatology : official publication of International Association for Dental Traumatology,Journal Article,yes,eng,"The relationship between sports activities and permanent incisor crown fractures in a group of school children aged 7-9 and 11-13 in Ankara, Turkey."
18821955,2008,Dental traumatology : official publication of International Association for Dental Traumatology,Journal Article,yes,eng,"Dental injuries in mountain biking--a survey in Switzerland, Austria, Germany and Italy."
18721348,2008,Dental traumatology : official publication of International Association for Dental Traumatology,Journal Article,yes,eng,Dental trauma among 5th and 6th grade Arab schoolchildren in Eastern Jerusalem.
18721342,2008,Dental traumatology : official publication of International Association for Dental Traumatology,Journal Article,yes,eng,Basketball players' experience of dental injury and awareness about mouthguard in China.
18689347,2008,SADJ : journal of the South African Dental Association = tydskrif van die Suid-Afrikaanse Tandheelkundige Vereniging,Journal Article,yes,eng,"Causes and prevalence of traumatic injuries to the permanent incisors of school children aged 10-14 years in Maseru, Lesotho."
18623976,2008,Odonto-stomatologie tropicale = Tropical dental journal,Journal Article,yes,fre,[Prevalence of oro-dental injuries in wrestling in Senegal].
18410389,2008,Dental traumatology : official publication of International Association for Dental Traumatology,Journal Article,yes,eng,Etiology and environment of dental injuries in 12- to 14-year-old Ontario schoolchildren.
18352919,2008,Dental traumatology : official publication of International Association for Dental Traumatology,Journal Article,yes,eng,"Dental and maxillofacial skeletal injuries seen at the University of Otago School of Dentistry, New Zealand 2000-2004."
18173668,2008,Dental traumatology : official publication of International Association for Dental Traumatology,Journal Article,yes,eng,Dental trauma that require fixation in a children's hospital.
17991235,2007,Dental traumatology : official publication of International Association for Dental Traumatology,Journal Article,yes,eng,"Dental and oral trauma during childhood and adolescence in Israel: occurrence, causes, and outcomes."
17933358,2007,Odonto-stomatologie tropicale = Tropical dental journal,English Abstract|Journal Article,yes,fre,"[Dento-alveolar trauma in odonto-stomatologic consultation in a health center in Yaoundé, Cameroon]."
17846669,2007,The journal of contemporary dental practice,Journal Article,yes,eng,Risk factors for traumatic dental injuries in an adolescent male population in India.
17670881,2007,Journal of the American Dental Association (1939),Journal Article,yes,eng,The incidence and severity of dental trauma in intercollegiate athletes.
17635356,2007,Dental traumatology : official publication of International Association for Dental Traumatology,Journal Article,yes,eng,Dentoalveolar trauma in Glasgow: an audit of mechanism and injury.
17511835,2007,Dental traumatology : official publication of International Association for Dental Traumatology,Comparative Study|Journal Article,yes,eng,Dental injuries in inline skating - level of information and prevention.
17227375,2007,Dental traumatology : official publication of International Association for Dental Traumatology,Evaluation Study|Journal Article,yes,eng,Effectiveness of mouthguards in reducing neurocognitive deficits following sports-related cerebral concussion.
24198704,2007,Journal of sports science & medicine,Journal Article,yes,eng,Injury profile in women shotokan karate championships in iran (2004-2005).
17194069,2006,Community dental health,"Journal Article|Research Support, Non-U.S. Gov't",yes,eng,Prevalence and factors associated with traumatic dental injuries (TDI) to anterior teeth of 11-13 year old Thai children.
17073918,2006,Dental traumatology : official publication of International Association for Dental Traumatology,Journal Article,yes,eng,Dental and orofacial trauma in pony and horseback riding children.
16872385,2006,Dental traumatology : official publication of International Association for Dental Traumatology,Journal Article,yes,eng,Aetiology and rates of treatment of traumatic dental injuries among 12-year-old school children in a town in southern Brazil.
16809595,2006,American journal of public health,"Journal Article|Research Support, Non-U.S. Gov't",yes,eng,Neighborhood social capital and dental injuries in Brazilian adolescents.
16711635,2006,Journal of public health dentistry,"Journal Article|Research Support, Non-U.S. Gov't",yes,eng,Prevalence and causes of oral injuries in a population of Canadian adults aged 18 to 50 years--a brief communication.
16247261,2005,Medicine and sport science,Journal Article|Review,yes,eng,Basketball injuries.
16162986,2005,Clinical journal of sport medicine : official journal of the Canadian Academy of Sport Medicine,"Comparative Study|Journal Article|Multicenter Study|Randomized Controlled Trial|Research Support, Non-U.S. Gov't",yes,eng,Comparison of mouth guard designs and concussion prevention in contact sports: a multicenter randomized controlled trial.
16060339,2005,Journal of the California Dental Association,Journal Article|Review,yes,eng,Are mouthguards necessary for basketball?
15876321,2005,Dental traumatology : official publication of International Association for Dental Traumatology,Journal Article,yes,eng,Oro-facial injuries in Central American and Caribbean sports games: a 20-year experience.
15853840,2005,Community dentistry and oral epidemiology,Journal Article,yes,eng,"Dental trauma and its association with anatomic, behavioral, and social variables among fifth and sixth grade schoolchildren in Jerusalem."
15773884,2005,Dental traumatology : official publication of International Association for Dental Traumatology,Journal Article,yes,eng,Traumatic injuries to the teeth in young individuals with cerebral palsy.
15660753,2005,Dental traumatology : official publication of International Association for Dental Traumatology,Journal Article,yes,eng,Dental trauma and mouthguard usage among ice hockey players in Turkey premier league.
15659273,2005,Current sports medicine reports,Journal Article|Review,yes,eng,Dental injuries in sports.
15643760,2003,Oral health & preventive dentistry,"Journal Article|Research Support, Non-U.S. Gov't",yes,eng,Etiology of traumatic dental injuries in 11 to 13-year-old schoolchildren.
15592602,2004,Journal of athletic training,Journal Article,yes,eng,Dental Injuries in Intermediate and High School Athletes: A 15-Year Study at Punahou School.
15562160,2004,British journal of sports medicine,Journal Article,yes,eng,Perception of Nigerian athletes of the use of mouth guards to prevent the stresses of sports injury.
15362317,2004,Journal of science and medicine in sport,"Clinical Trial|Journal Article|Randomized Controlled Trial|Research Support, Non-U.S. Gov't",yes,eng,Do community football players wear allocated protective equipment? Descriptive results from a randomised controlled trial.
15206262,2004,General dentistry,Journal Article|Review,yes,eng,A literature review of sports-related orofacial trauma.
15085503,2004,Journal of oral and maxillofacial surgery : official journal of the American Association of Oral and Maxillofacial Surgeons,Journal Article|Review,yes,eng,"Craniomaxillofacial trauma in children: a review of 3,385 cases with 6,060 injuries in 10 years."
15022997,2003,Dental traumatology : official publication of International Association for Dental Traumatology,Journal Article,yes,eng,Etiological factors related to dental injuries in Norwegians aged 7-18 years.
14708646,2003,Dental traumatology : official publication of International Association for Dental Traumatology,Journal Article,yes,eng,Dental and oral trauma and mouthguard use during sport activities in Israel.
12656848,2003,Dental traumatology : official publication of International Association for Dental Traumatology,Journal Article,yes,eng,"Traumatic dental injuries in children presenting for treatment at the Department of Pediatric Dentistry, Faculty of Dentistry, University of Jordan, 1997-2000."
12602199,2003,Schweizer Monatsschrift fur Zahnmedizin = Revue mensuelle suisse d'odonto-stomatologie = Rivista mensile svizzera di odontologia e stomatologia,Journal Article,yes,ger,[Frequency and nature of anterior tooth injuries and the use of mouth protectors in sports clubs in Bern].
12154770,2002,Dental traumatology : official publication of International Association for Dental Traumatology,Comparative Study|Journal Article,yes,eng,Dental trauma and level of information: mouthguard use in different contact sports.
12139268,2002,Australian dental journal,"Journal Article|Research Support, Non-U.S. Gov't",yes,eng,A survey of dental and oral trauma in south-east Queensland during 1998.
12116516,2002,General dentistry,Journal Article|Review,yes,eng,Dentofacial trauma in sport accidents.
12017183,2002,Journal of endodontics,Journal Article,yes,eng,Causes of dental fractures in the early permanent dentition: a retrospective study.
11880801,2002,Medicine and science in sports and exercise,Journal Article,yes,eng,Dental injuries in ice hockey games and training.
11782645,2002,Medicine and science in sports and exercise,Comparative Study|Journal Article,yes,eng,Effect of mouthguards on dental injuries and concussions in college basketball.
11766091,2001,Dental traumatology : official publication of International Association for Dental Traumatology,Journal Article,yes,eng,A retrospective study of traumatic dental injuries in a Brazilian dental trauma clinic.
11678540,2001,Dental traumatology : official publication of International Association for Dental Traumatology,"Journal Article|Research Support, Non-U.S. Gov't",yes,eng,"Prevalence, causes and correlates of traumatic dental injuries among 13-year-olds in Brazil."
11678537,2001,Dental traumatology : official publication of International Association for Dental Traumatology,Journal Article,yes,eng,"A retrospective study of dento-alveolar injuries of children in Ankara, Turkey."
11499758,2001,Dental traumatology : official publication of International Association for Dental Traumatology,Journal Article,yes,eng,"Dental trauma in children presenting for treatment at the Department of Dentistry for Children and Orthodontics, Budapest, 1985-1999."
11202877,2000,Endodontics & dental traumatology,Journal Article,yes,eng,The aetiology of dento-alveolar injuries and factors influencing attendance for emergency care of adolescents in the north west of England.
